{"RuleTriggered": 0, "Violations": 0, "Details": {"pin_memory": false, "num_workers": 0, "cores": 36, "dataloaders": 1, "dataloading_time": {"p25": 0.0228165, "p50": 0.0241095, "p95": 0.0262026, "probs": [1, 0, 0, 0, 0, 0, 0, 0, 0, 0, 0, 0, 0, 0, 0, 0, 0, 0, 0, 0, 0, 0, 0, 0, 0, 0, 0, 0, 0, 0, 0, 0, 0, 0, 0, 0, 0, 0, 0, 0, 0, 0, 0, 0, 0, 0, 0, 0, 0, 0, 0, 0, 0, 0, 0, 0, 0, 0, 0, 0, 0, 0, 0, 0, 0, 0, 0, 0, 0, 0, 0, 0, 0, 0, 0, 0, 1, 0, 0, 0, 1, 1, 0, 0, 0, 0, 1, 1, 1, 1, 0, 0, 0, 0, 1, 0, 0, 0, 0, 1], "binedges": [0.006628, 0.00682902, 0.00703004, 0.00723106, 0.007432080000000001, 0.0076331, 0.00783412, 0.00803514, 0.008236160000000001, 0.00843718, 0.0086382, 0.00883922, 0.009040240000000001, 0.009241260000000001, 0.00944228, 0.0096433, 0.00984432, 0.01004534, 0.010246360000000001, 0.010447380000000001, 0.0106484, 0.010849420000000002, 0.011050440000000002, 0.011251460000000001, 0.011452480000000001, 0.0116535, 0.01185452, 0.01205554, 0.01225656, 0.012457580000000001, 0.0126586, 0.012859620000000002, 0.013060640000000002, 0.013261660000000002, 0.013462680000000001, 0.0136637, 0.01386472, 0.01406574, 0.01426676, 0.014467780000000001, 0.014668800000000001, 0.01486982, 0.015070840000000002, 0.015271860000000002, 0.015472880000000001, 0.0156739, 0.01587492, 0.016075940000000004, 0.01627696, 0.016477980000000003, 0.016679, 0.016880020000000003, 0.017081040000000002, 0.017282060000000002, 0.01748308, 0.0176841, 0.01788512, 0.01808614, 0.018287160000000004, 0.01848818, 0.018689200000000003, 0.01889022, 0.019091240000000002, 0.019292260000000002, 0.01949328, 0.0196943, 0.01989532, 0.020096340000000004, 0.02029736, 0.020498380000000004, 0.0206994, 0.020900420000000003, 0.021101440000000003, 0.021302460000000002, 0.021503480000000002, 0.0217045, 0.02190552, 0.02210654, 0.022307560000000004, 0.02250858, 0.022709600000000003, 0.02291062, 0.023111640000000003, 0.02331266, 0.023513680000000002, 0.023714700000000005, 0.02391572, 0.024116740000000005, 0.02431776, 0.024518780000000004, 0.0247198, 0.024920820000000003, 0.02512184, 0.025322860000000003, 0.025523880000000006, 0.025724900000000002, 0.025925920000000005, 0.02612694, 0.026327960000000004, 0.02652898, 0.02673]}}, "Datapoints": 10, "RuleParameters": "min_threshold:70\nmax_threshold:200"}