{"RuleTriggered": 0, "Violations": 0, "Details": {"step_num": {"first": 1637147934024233, "last": 1637150078352237}, "job_start": 1637147876.072192, "job_end": 1637150099.572392}, "Datapoints": 83, "RuleParameters": "threshold:20"}