{"RuleTriggered": 0, "Violations": 0, "Details": {"ratio": {"cpu_functions": 100.0}, "phase": {"Step:ModeKeys.GLOBAL": 107.20695447383932, "others": -7.2069544738393265}, "phase_time": {}, "general": {"DataLoaderIterInitialize": 2.3365912336522445e-05, "Forward": 99.99069328254431, "DataLoaderIter": 0.009283351543361016}, "CPU": {"dropout": 3.416039814610124, "matmul": 10.159885523089665, "mm": 26.179387469084247, "NativeLayerNormBackward": 7.155152007274891, "native_layer_norm_backward": 7.153333536208477, "MmBackward": 17.400616748818525, "GeluBackward": 14.26798945731095, "gelu_backward": 14.26759544360313}, "CPU_total": {"dropout": 9779591, "matmul": 29086173, "mm": 74947517, "NativeLayerNormBackward": 20484088, "native_layer_norm_backward": 20478882, "MmBackward": 49815261, "GeluBackward": 40847036, "gelu_backward": 40845908}}, "Datapoints": 0, "RuleParameters": ""}